﻿id,token,name,notes,created_at,updated_at,status,due_date,status_updated_at,assignee,section,project,tags,checklists,comments
167340650,dWVBhYlE,Creacion de listado del sistema,,2023-09-14T01:06:25+00:00,2023-09-14T01:09:46+00:00,1,,2023-09-14T01:06:25+00:00,,por hacer,Metodologias agiles Intant Repairs,,,
167340661,nq3E9o8J,funcionalidad y manejo del programa,,2023-09-14T01:07:15+00:00,2023-09-14T01:07:48+00:00,1,,2023-09-14T01:07:15+00:00,,En Progreso,Metodologias agiles Intant Repairs,,,
167340657,i7quNwD5,utilizar zona de ubicacion,,2023-09-14T01:06:55+00:00,2023-09-14T01:11:29+00:00,1,,2023-09-14T01:06:55+00:00,,En Progreso,Metodologias agiles Intant Repairs,,,
167340681,kBPtK1BA,generar un pseudocodigo,,2023-09-14T01:08:55+00:00,2023-09-14T01:09:20+00:00,1,,2023-09-14T01:08:55+00:00,,Hecho,Metodologias agiles Intant Repairs,,,
167340665,jfzyYflf,menu por zona elegida,,2023-09-14T01:07:29+00:00,2023-09-14T01:10:00+00:00,1,,2023-09-14T01:07:29+00:00,,Hecho,Metodologias agiles Intant Repairs,,,
167340667,1v0QjbOm,lista de precios de cada trabajador,,2023-09-14T01:07:45+00:00,2023-09-14T01:07:57+00:00,1,,2023-09-14T01:07:45+00:00,,Hecho,Metodologias agiles Intant Repairs,,,
